,cpp,python
ring (24),0.000028,0.0002893236915000003
summatrixfast (2400 100 100),1.17,0.5738733870000001
summatrix (2400 100 100 1 24 1 1),1.61,0.7116253182
